1,0,0,0,0,0,0,0,0,0,0,0,0,0,0,0,0,0,0,0,0,0,0,0,0,0,0,0,0,0,0,0,0,0,0,0,0,0,0,0,0,0,0,0,0,0,0,0,0,0,0,0,0,0,0,0,0,0,0,0,0,0,0,0,0,0,0,0,0,0,0,0,0,0,0,0,0,0,0,0,0,0,0,0,0,0,0,0,0,0,0,0,0,0,0,0,0
2,0.06,0.0444997,0.0689421,0.0339291,0.0614879,0.062169,0.0465783,0.0397114,0.0635506,0.0550711,0.0665496,0.0559731,0.0336482,0.0380509,0.084532,0.0696122,0.0852905,0.0300228,0.0628895,0.0405549,0.0411424,0.0497191,0.0522486,0.0421281,0.0597091,0.0882412,0.0552125,0.0872579,0.0873449,0.0311027,0.0468526,0.0491317,0.0714312,0.0852841,0.0437412,0.0726241,0.0399522,0.0836654,0.0899906,0.0362362,0.0843493,0.0858533,0.0637971,0.0572595,0.078061,0.0709968,0.0571397,0.0474239,0.0717053,0.0527145,0.0330612,0.0375361,0.0330645,0.082148,0.0710472,0.0533621,0.0340081,0.0357197,0.0717714,0.0789538,0.0790389,0.0405593,0.0519738,0.0750544,0.0661697,0.0585112,0.0674681,0.0358598,0.0323286,0.0763765,0.0442128,0.0547133,0.0566618,0.0409731,0.0333665,0.0853445,0.0764052,0.0668819,0.0554518,0.0854305,0.053153,0.0636422,0.0713623,0.0349623,0.0855305,0.0418045,0.0711415,0.0659694,0.0400817,0.0586821,0.0547575,0.0394536,0.0472181,0.0310634,0.0542022,0.0734848
3,0.04,0.0222906,0.0519827,0.0420925,0.0253094,0.0419059,0.0360841,0.0381256,0.0346677,0.0432116,0.0270414,0.0406907,0.0221751,0.0459933,0.045295,0.0484381,0.0391297,0.0481378,0.034177,0.0428122,0.0494624,0.0258011,0.0382498,0.0429171,0.0464659,0.052461,0.0389543,0.0530681,0.0268762,0.0290112,0.0316641,0.0441959,0.0504337,0.0559669,0.0595775,0.0259836,0.0387091,0.0232099,0.0275463,0.0551814,0.05402,0.0308533,0.0290211,0.0549191,0.0328737,0.0495819,0.0593859,0.0524093,0.0472969,0.0576977,0.0558125,0.0231343,0.0347723,0.0589272,0.020794,0.0449939,0.0462993,0.0334321,0.0453659,0.0597561,0.0241252,0.0395068,0.0213647,0.0595768,0.0313012,0.0234552,0.0296124,0.0499136,0.0391274,0.0366871,0.0205513,0.05833,0.0292358,0.0251496,0.0524647,0.0546234,0.0212536,0.0469384,0.031174,0.0513268,0.0369575,0.031869,0.0223665,0.0315709,0.0311963,0.0289291,0.0523129,0.0356216,0.0545427,0.0561041,0.021037,0.0338742,0.034234,0.0580554,0.0442534,0.0584935
4,0.08,0.0762662,0.0660046,0.071073,0.0442013,0.1053127,0.0783216,0.0511014,0.04832,0.0899741,0.0485184,0.1098194,0.050542,0.0820168,0.0698116,0.0402507,0.0801518,0.1012969,0.0964653,0.0964446,0.0892352,0.0878344,0.0455306,0.0519991,0.1100486,0.0591753,0.0961678,0.1106383,0.0756105,0.1198849,0.1056968,0.0629805,0.0916256,0.116412,0.0857705,0.0834096,0.0690841,0.1189874,0.075593,0.0637475,0.0940444,0.1164268,0.0498202,0.1038359,0.0701542,0.1195423,0.1103045,0.068729,0.082996,0.114192,0.1076383,0.1032135,0.0965608,0.0831503,0.0615025,0.0975167,0.075401,0.1194372,0.0745433,0.1157357,0.0833606,0.0530148,0.0471056,0.0963569,0.0999013,0.0686871,0.0806009,0.0578623,0.0779645,0.0810189,0.0410552,0.1071662,0.0729942,0.1027882,0.0904428,0.0513866,0.0455316,0.109126,0.0959163,0.1130302,0.1087435,0.0431882,0.0707096,0.0917841,0.0730255,0.1083684,0.1180641,0.0650577,0.0583713,0.0911505,0.0452223,0.0610863,0.0821838,0.084637,0.0983154,0.0525228
5,0.03,0.0252785,0.0436186,0.0242845,0.0203478,0.0247114,0.0362387,0.0279183,0.024976,0.0266068,0.0292167,0.0178032,0.0251911,0.0428752,0.038377,0.0288227,0.0252111,0.0258627,0.0257827,0.0448554,0.0396152,0.0206269,0.0231933,0.024143,0.0364778,0.0394834,0.0305879,0.0228952,0.0434841,0.0373883,0.0198502,0.0251724,0.016675,0.0298107,0.0256406,0.0194599,0.0169194,0.026584,0.0289021,0.0210001,0.0151408,0.0319331,0.0169406,0.0311802,0.0347965,0.0367914,0.0221651,0.0347081,0.0361599,0.0398692,0.0436646,0.0192646,0.0230408,0.0413249,0.0237956,0.0343038,0.0352766,0.0234134,0.0221782,0.036373,0.0419842,0.0216678,0.0357425,0.0411792,0.0423195,0.0179997,0.0201815,0.0180326,0.025685,0.0257923,0.0439533,0.0319094,0.0268147,0.0319109,0.0407255,0.0302163,0.0237991,0.0312983,0.02135,0.0232459,0.0389729,0.0282875,0.0186546,0.0151721,0.0417361,0.0381254,0.0448193,0.0440476,0.0420913,0.0167918,0.0423013,0.0300465,0.0169448,0.0334489,0.0410587,0.0311446
6,0.02,0.0241218,0.0122254,0.0170842,0.0115041,0.0296275,0.0297314,0.0131901,0.0157769,0.0174141,0.0233395,0.0267116,0.0263781,0.0175815,0.0270622,0.027546,0.0135478,0.0178583,0.0101591,0.0155596,0.0299941,0.029242,0.0246877,0.0265123,0.0267335,0.020623,0.029472,0.0209183,0.0192249,0.0236271,0.0176212,0.0269967,0.0159667,0.0273136,0.0298563,0.0286605,0.0280905,0.0227529,0.0110635,0.0290154,0.0281521,0.0265915,0.0254411,0.024442,0.0132747,0.0130166,0.0130015,0.0260655,0.0297034,0.0217266,0.0298922,0.0172309,0.0215306,0.0288254,0.0207054,0.025502,0.0293096,0.0256184,0.0110151,0.0274932,0.0144918,0.0247477,0.0127466,0.0105818,0.0139748,0.0299574,0.02431,0.0245934,0.0195061,0.0163847,0.0230238,0.025283,0.0141154,0.025744,0.0238281,0.0139964,0.0160083,0.0207142,0.0275737,0.0122568,0.0283675,0.0213509,0.0180315,0.0228144,0.0246036,0.01526,0.0271859,0.0243372,0.0167716,0.0274814,0.0104121,0.0153981,0.0244776,0.0216114,0.0241328,0.0189143
7,0.1,0.0653255,0.068963,0.098363,0.1017983,0.065914,0.1065935,0.0998566,0.1419376,0.1276823,0.0862098,0.0757328,0.0856719,0.1179874,0.1211139,0.1103572,0.0568297,0.1391374,0.0683529,0.109783,0.1079221,0.0934807,0.056101,0.1019131,0.057773,0.1098764,0.1191353,0.0923338,0.1307233,0.0767853,0.1055044,0.0904103,0.053887,0.0645731,0.109999,0.1179153,0.1473727,0.0909536,0.1256085,0.0576385,0.1057804,0.0700931,0.1219951,0.0621068,0.0904187,0.1284457,0.1226204,0.1174632,0.1458524,0.0990654,0.1416607,0.1397781,0.1155213,0.1259537,0.1152356,0.1493916,0.0894278,0.1301003,0.0932943,0.0866618,0.1354379,0.0920722,0.0760125,0.1016648,0.1272949,0.1327778,0.0703947,0.1441206,0.1008971,0.0623183,0.0900944,0.0730969,0.0601756,0.0525906,0.056727,0.0612946,0.0943932,0.1038064,0.0638277,0.0966064,0.0989588,0.0897031,0.1052209,0.1371293,0.0810135,0.1390992,0.0915652,0.1156001,0.1424565,0.1002215,0.0902288,0.0726269,0.0676334,0.085586,0.0943918,0.1327767
8,0.1,0.1028533,0.0779307,0.1353413,0.11549,0.1162396,0.1208757,0.109787,0.1049606,0.1286471,0.1128367,0.0740028,0.0505635,0.0896331,0.0921612,0.1321312,0.0722867,0.0838001,0.0690345,0.0794857,0.1081583,0.1220409,0.0557724,0.0504265,0.1153779,0.1469568,0.1257541,0.0913823,0.1105367,0.1104625,0.0957715,0.1096259,0.1450764,0.1107654,0.0693867,0.1034019,0.0717552,0.0999536,0.0914924,0.13421,0.1189523,0.080337,0.1366034,0.0901462,0.1455613,0.0950513,0.1484578,0.0581042,0.0833814,0.0681468,0.1369639,0.0855145,0.1496911,0.054395,0.1006695,0.0723703,0.0553646,0.1159101,0.1044573,0.1026354,0.1182517,0.1274885,0.1333006,0.1418,0.0564699,0.1090565,0.0785423,0.1372614,0.107364,0.1313091,0.116862,0.0888067,0.0952793,0.0574203,0.0915679,0.0669427,0.1161547,0.1318539,0.1237908,0.0932308,0.0676316,0.0806271,0.1024656,0.0628087,0.137462,0.1137829,0.0538713,0.0826492,0.099619,0.1295837,0.0769281,0.1484867,0.1049832,0.1433708,0.1413064,0.0673686
9,0.02,0.019957,0.0254401,0.0162616,0.0185439,0.0216686,0.010035,0.0190914,0.0221258,0.0261604,0.0119551,0.0137574,0.0205721,0.0289372,0.0275018,0.0268516,0.015935,0.0176748,0.0140127,0.0152109,0.0292184,0.0215234,0.0107284,0.0294954,0.028618,0.0250982,0.0214197,0.0116528,0.021242,0.0275936,0.0273952,0.02347,0.0272335,0.0226511,0.0249414,0.0287853,0.0161319,0.0177666,0.0223098,0.0144398,0.025742,0.0127407,0.0226246,0.0221407,0.0244015,0.0192963,0.0207335,0.0288611,0.0258151,0.0210302,0.0271448,0.013849,0.0230724,0.0244642,0.0248982,0.0224448,0.0297891,0.0234886,0.0286391,0.0142906,0.0197766,0.0137808,0.0108858,0.0282348,0.0217966,0.0181311,0.0170614,0.0165725,0.0193692,0.0191062,0.0259223,0.0130176,0.0100868,0.0241804,0.013443,0.0121611,0.0273128,0.0151709,0.0145519,0.0123864,0.0270111,0.0127962,0.0211625,0.0287348,0.0124589,0.015213,0.0221039,0.021781,0.0183573,0.0157905,0.0223315,0.0242971,0.018519,0.0251458,0.0177562,0.0269104
10,0.02,0.0295081,0.0253172,0.0176043,0.019757,0.0122565,0.0184746,0.0254008,0.017318,0.0104228,0.0285749,0.010816,0.0129078,0.0142674,0.0250251,0.0115128,0.0135331,0.0162005,0.0219741,0.0218528,0.0293073,0.0258456,0.022825,0.0208611,0.0209441,0.0133467,0.023436,0.0190971,0.0296375,0.0163613,0.0222412,0.0239937,0.0232802,0.0143272,0.0278392,0.0265696,0.0137424,0.0165267,0.0111072,0.0195938,0.0117296,0.0178374,0.0106989,0.0218263,0.0200196,0.0186314,0.0128642,0.0281605,0.026923,0.0251848,0.0232688,0.0127379,0.0162778,0.0132988,0.0295441,0.0163261,0.0160824,0.0256557,0.027013,0.0129299,0.0235955,0.0190611,0.0176411,0.0250423,0.0269542,0.0230066,0.0190464,0.0196483,0.029234,0.0203638,0.0290102,0.027458,0.0178598,0.0268879,0.0159266,0.0274825,0.0111073,0.0223765,0.0294387,0.0220379,0.0125571,0.0189667,0.0101567,0.0297633,0.0288243,0.0187493,0.0178431,0.010747,0.0208679,0.0149911,0.0197529,0.0225785,0.0216548,0.0198107,0.0289107,0.0149758
11,0.03,0.0221596,0.0336102,0.0206041,0.0288377,0.030846,0.0300279,0.0400884,0.037399,0.0362749,0.0344672,0.025983,0.0399284,0.0371212,0.0317137,0.0272284,0.0382442,0.0185393,0.0281309,0.0356919,0.022403,0.0220539,0.0407099,0.0201364,0.0206549,0.0260447,0.0361394,0.0316675,0.0406798,0.0214743,0.0268616,0.0326359,0.0299158,0.0309175,0.0431486,0.0341517,0.015168,0.0209239,0.0304594,0.0285206,0.0387669,0.016312,0.0368783,0.0401846,0.0334544,0.017404,0.0342257,0.0201319,0.0330953,0.0166796,0.0162447,0.0350943,0.0158111,0.032007,0.0414317,0.0155519,0.0224315,0.0416261,0.0345406,0.0254725,0.0407469,0.0376524,0.0225895,0.0389972,0.0381602,0.0194288,0.0233565,0.0289924,0.0158512,0.0375189,0.0442745,0.0197798,0.0231164,0.0394002,0.0186557,0.0340833,0.0442056,0.0301579,0.0354459,0.0300385,0.033994,0.0412331,0.0358438,0.0372696,0.0239124,0.0222535,0.0169215,0.04119,0.0413935,0.0336222,0.0403502,0.0219247,0.0175191,0.0377297,0.025321,0.0258248
12,0.035,0.0342267,0.0396658,0.0323792,0.0401046,0.0393047,0.0432613,0.0508577,0.0485787,0.0293107,0.037676,0.0342251,0.0217597,0.0325762,0.0434198,0.0175988,0.0375572,0.0397889,0.026371,0.0257168,0.0453847,0.0349704,0.0223512,0.02325,0.0372687,0.0235275,0.0516298,0.0207234,0.0215116,0.0413497,0.0247746,0.0489017,0.0270284,0.0176728,0.0230197,0.024128,0.0318085,0.0201981,0.0371607,0.0434764,0.0368236,0.0445919,0.0431706,0.0198545,0.0456067,0.0264276,0.0458257,0.0406501,0.0388022,0.0255476,0.019368,0.0248558,0.0400059,0.0510261,0.0228182,0.0393685,0.0513045,0.0405505,0.0441751,0.0446963,0.0321241,0.0459331,0.0312833,0.0487506,0.0340981,0.0428486,0.0193494,0.038628,0.025764,0.0331798,0.0513552,0.0221728,0.0497835,0.0512603,0.048085,0.0486038,0.0388389,0.0448423,0.0518894,0.019206,0.0341632,0.0500686,0.04084,0.0334961,0.0461985,0.0393279,0.0459906,0.0514162,0.0290791,0.0351721,0.0464821,0.0272498,0.0520405,0.0201074,0.0211826,0.0227764
13,0.035,0.0471526,0.0279193,0.0361213,0.0287942,0.0279734,0.0198281,0.035251,0.032052,0.0415494,0.0186469,0.0323757,0.0502217,0.0365507,0.0389063,0.0328012,0.035805,0.0506797,0.0505053,0.0269561,0.0347832,0.0209336,0.0484864,0.0457558,0.0510191,0.0289497,0.0193233,0.0469178,0.0378049,0.0450569,0.0279899,0.0179165,0.034972,0.0314946,0.0452608,0.033645,0.030804,0.0241597,0.0429653,0.0317676,0.0395065,0.0253,0.0226011,0.0420257,0.0468475,0.042442,0.0423249,0.0206147,0.0265364,0.0334016,0.0499389,0.0217325,0.0203663,0.0403524,0.0368464,0.035967,0.0481948,0.0397283,0.0502914,0.0250519,0.0278232,0.0371132,0.0375777,0.0180277,0.033149,0.0222527,0.0183402,0.0408274,0.0427318,0.0393517,0.0431673,0.0341229,0.0460478,0.0293984,0.0347248,0.0369684,0.0290911,0.0220386,0.0367742,0.0234997,0.0406836,0.0379523,0.0335302,0.042506,0.051189,0.0333323,0.0324178,0.0429414,0.0492805,0.0300035,0.0439543,0.026331,0.0238608,0.0444546,0.0366228,0.0252771
14,0.08,0.0420893,0.0756018,0.066926,0.0987231,0.0434238,0.0693238,0.1167211,0.0606475,0.1046726,0.1001133,0.1067965,0.0551161,0.0841268,0.1193131,0.052271,0.0487606,0.1151072,0.0441534,0.0933292,0.0421981,0.0861748,0.0905472,0.1128622,0.0866721,0.0954338,0.0904101,0.0611357,0.0527192,0.0588363,0.0530577,0.0494371,0.0724522,0.0638717,0.0749881,0.1192659,0.1041289,0.1060384,0.1009329,0.1069923,0.0616184,0.1054355,0.0941743,0.0443527,0.0538714,0.0467703,0.0824922,0.0478659,0.0539026,0.041693,0.1040255,0.0476186,0.0548546,0.0949417,0.0697347,0.0433561,0.0623415,0.0501109,0.0570531,0.0692578,0.0748348,0.0536671,0.0537243,0.0428395,0.0632005,0.0614509,0.1016439,0.0760522,0.0720589,0.0849396,0.1070432,0.0676563,0.0495858,0.0421253,0.0753993,0.0557365,0.088948,0.0662102,0.079039,0.1128387,0.0839614,0.0818235,0.0772568,0.0882451,0.0604386,0.1092671,0.0468223,0.0800572,0.0708632,0.0612014,0.0951015,0.1064749,0.0821993,0.1141183,0.0480231,0.118968
15,0.01,0.00925853,0.00645056,0.00961805,0.0124817,0.0110421,0.0127701,0.0122797,0.0115433,0.00590519,0.0144134,0.0146964,0.0051047,0.0145214,0.00930515,0.00701141,0.0140931,0.0125743,0.0095595,0.00716688,0.014085,0.0143027,0.0100617,0.0111908,0.00727457,0.0101073,0.0131902,0.0115409,0.00666191,0.0101975,0.00543766,0.00785555,0.00986025,0.0121812,0.0134754,0.0133288,0.00512421,0.0118552,0.00700542,0.0126482,0.00764237,0.0115272,0.0143651,0.0129028,0.0130451,0.0129124,0.00890429,0.00788694,0.00899645,0.00778152,0.0061902,0.0141101,0.0101164,0.010122,0.00699656,0.00861668,0.00759959,0.0146589,0.00883288,0.00776524,0.0133939,0.00771652,0.0115202,0.0145382,0.00897365,0.00732079,0.0122549,0.0106454,0.0117313,0.0141955,0.00920885,0.00561156,0.0125403,0.00529084,0.00709697,0.013537,0.00623596,0.01443,0.0111176,0.0148891,0.00851232,0.00991965,0.00819021,0.00688718,0.0148154,0.0127972,0.00630909,0.0138386,0.00512756,0.00608157,0.00743407,0.0147194,0.00740992,0.0146928,0.0122158,0.00908907
16,0.02,0.025632,0.0197358,0.0234621,0.0125547,0.0181876,0.0212769,0.0117344,0.0121912,0.0175107,0.0105577,0.0253982,0.0213434,0.0216059,0.0250687,0.0253205,0.022182,0.0281176,0.0220159,0.0192206,0.0272779,0.024514,0.0281066,0.0103242,0.0227418,0.0192935,0.0248856,0.0152017,0.0137524,0.0116551,0.0204827,0.021998,0.0278101,0.0184407,0.0258921,0.025201,0.0163234,0.0230012,0.0289666,0.0246569,0.0113939,0.0181158,0.0279865,0.0136939,0.0177554,0.0111228,0.0267595,0.0148237,0.02542,0.0236056,0.0257815,0.0172884,0.0147847,0.0166844,0.0174776,0.0210372,0.0226406,0.0282467,0.0189394,0.0247116,0.0292859,0.0179919,0.0165223,0.0189084,0.0193573,0.0191453,0.023917,0.0280826,0.0272298,0.0233454,0.0184709,0.0286472,0.0283656,0.0249975,0.026266,0.0183526,0.0115901,0.0293507,0.0264962,0.0173423,0.0246432,0.0125313,0.0248905,0.0252501,0.0296961,0.0117053,0.0258501,0.0142909,0.0263718,0.0133998,0.0179252,0.018559,0.0192872,0.0206337,0.0145595,0.0183852
17,0.02,0.0265352,0.0281103,0.0249978,0.0194953,0.0191204,0.0177169,0.0190003,0.0278354,0.0103744,0.016277,0.0114348,0.0242343,0.0110025,0.0186051,0.0233311,0.0289175,0.0262428,0.0203828,0.0285503,0.0272685,0.0217182,0.0177809,0.0233235,0.0175946,0.0103724,0.0258034,0.0256324,0.0115101,0.0179593,0.0112692,0.0225052,0.0162724,0.0102288,0.0104918,0.0262423,0.0106807,0.012396,0.0138722,0.0189246,0.0222542,0.0154832,0.0289437,0.0246876,0.0235853,0.0149864,0.0118108,0.0198969,0.0280791,0.0153663,0.0135198,0.0112424,0.017038,0.0101602,0.0184509,0.0155011,0.0137916,0.0230601,0.0210729,0.0175261,0.0179705,0.016068,0.0219192,0.022761,0.0128178,0.0263201,0.0223221,0.021886,0.0281054,0.0220802,0.0111673,0.0217907,0.0273934,0.0230314,0.0140138,0.0160403,0.0216617,0.0272064,0.013569,0.0256558,0.0167062,0.0178011,0.0184579,0.0140735,0.0138786,0.0126327,0.0137077,0.022869,0.0149959,0.0178597,0.0159716,0.0273857,0.0143711,0.0106753,0.0275338,0.0248926
18,0.04,0.0534531,0.0428482,0.0400595,0.0448452,0.0247756,0.0381397,0.0320652,0.0299645,0.0287814,0.0594447,0.0466237,0.050632,0.028294,0.0311285,0.0459647,0.0276671,0.0395191,0.0565016,0.0411859,0.0402181,0.0302353,0.0404984,0.0252506,0.0224122,0.0346817,0.0321858,0.0263286,0.0499629,0.046458,0.030109,0.0433128,0.0522743,0.0584063,0.051551,0.0472263,0.0546502,0.044876,0.036756,0.0393711,0.0431832,0.047308,0.0542738,0.0467007,0.0568065,0.0389229,0.0246879,0.0325341,0.0489937,0.0405215,0.0323234,0.0430874,0.0540407,0.0217856,0.0426511,0.0462726,0.0273461,0.0284801,0.0557845,0.0433502,0.0423836,0.0436168,0.0288735,0.05724,0.0546799,0.0241832,0.0375712,0.0229452,0.0554571,0.0478213,0.0453405,0.0591215,0.0552541,0.0428306,0.044044,0.0514017,0.0503867,0.053112,0.0576099,0.0216515,0.0349737,0.0271964,0.0510715,0.0292496,0.046167,0.0422795,0.0206834,0.0216461,0.0489391,0.0287362,0.0391019,0.0546219,0.0382161,0.0206195,0.0257155,0.0237886
19,0.04,0.0538686,0.0286112,0.025413,0.0269715,0.038767,0.0203101,0.0337133,0.0336542,0.0244868,0.0426762,0.0524881,0.0444031,0.050704,0.055239,0.0392949,0.0564421,0.026243,0.059695,0.0480472,0.052191,0.0536584,0.0335555,0.0376208,0.0270136,0.0496416,0.0548002,0.0232453,0.0333266,0.0253091,0.0335085,0.0395428,0.0444359,0.0396964,0.023083,0.0559038,0.0342026,0.0216268,0.0400622,0.0464221,0.0399157,0.0481777,0.0393942,0.0256996,0.0534472,0.0457458,0.0463805,0.0521838,0.0287515,0.0253924,0.0466998,0.0210232,0.0593869,0.0558482,0.0287799,0.0494946,0.0558234,0.0492053,0.0237953,0.0215474,0.0490632,0.0501622,0.0412237,0.0481493,0.0307757,0.0576024,0.0413439,0.0242305,0.0235724,0.0206688,0.048452,0.0524188,0.0275743,0.0489442,0.0449353,0.0248879,0.0584702,0.0289528,0.0495554,0.042884,0.0302066,0.0588217,0.0595229,0.0466289,0.0422398,0.0203394,0.0574363,0.033588,0.04222,0.0401534,0.0413327,0.0261169,0.0385047,0.0421958,0.0442241,0.023125
20,0.04,0.0254261,0.024361,0.0352302,0.0289551,0.0371765,0.038029,0.0454695,0.0279646,0.0465992,0.0354289,0.022841,0.036392,0.0390662,0.0400155,0.0413738,0.0287858,0.0211105,0.0212763,0.0335454,0.0596087,0.043224,0.0364769,0.0417527,0.0256462,0.025041,0.0496638,0.0429535,0.0539579,0.0555193,0.0491387,0.0324359,0.0484578,0.0411696,0.0389713,0.05381,0.0515716,0.0254485,0.0488155,0.0445055,0.0245271,0.0321791,0.0321899,0.0346215,0.0425123,0.0279772,0.0266809,0.0336538,0.0336338,0.0534393,0.0430673,0.0570198,0.0267319,0.0226401,0.0226993,0.0310835,0.0292811,0.0492906,0.035022,0.0576399,0.0200943,0.0278121,0.0263245,0.0235996,0.0566658,0.0224454,0.0312048,0.0223238,0.04779,0.059729,0.0573199,0.0224294,0.027537,0.055616,0.0421111,0.0533915,0.035062,0.0510924,0.0452839,0.035741,0.0257787,0.0433223,0.0439735,0.0435825,0.0277971,0.0445741,0.0244288,0.04986,0.0276168,0.0286118,0.0320982,0.0360339,0.0208103,0.0432954,0.0253795,0.0375808
21,0.04,0.0581022,0.0258471,0.0493516,0.0380167,0.0526633,0.0320382,0.0240437,0.0400076,0.0384351,0.0586738,0.0551998,0.026172,0.037962,0.0499061,0.0214486,0.0202566,0.0322772,0.0222863,0.0462006,0.0206005,0.0221247,0.0258962,0.0561219,0.0501405,0.0262147,0.0480386,0.0296849,0.0450265,0.0580186,0.0325841,0.0591212,0.0463063,0.0472536,0.0317064,0.0558623,0.0411647,0.0262738,0.049293,0.0406019,0.0473663,0.0258695,0.0566925,0.0464743,0.0330195,0.0418584,0.0316948,0.0560902,0.0487503,0.0359538,0.0254595,0.0570664,0.0294632,0.0547492,0.046082,0.0553901,0.0583727,0.0377642,0.0449808,0.0312289,0.0505255,0.0355056,0.0277016,0.0579143,0.0313309,0.0391832,0.0280953,0.0598575,0.0454147,0.0312678,0.0577022,0.0564951,0.0374959,0.0567423,0.0552027,0.031947,0.0388311,0.0597071,0.0444396,0.0437748,0.0553218,0.0438781,0.0466322,0.0583842,0.0296438,0.0537932,0.0391525,0.0316739,0.0551637,0.0261485,0.0300468,0.0493733,0.027716,0.0421093,0.0476017,0.0584138
22,0.04,0.0335991,0.0314295,0.0456774,0.0557746,0.0551892,0.0533832,0.0408154,0.0232815,0.047488,0.0453185,0.0296331,0.0294451,0.0340185,0.0567294,0.0318613,0.0365417,0.0566481,0.0466952,0.0366472,0.0357234,0.0244955,0.0545803,0.0320242,0.0350884,0.0332885,0.0552605,0.0232605,0.0501503,0.0259498,0.0492767,0.0234823,0.0210438,0.0514738,0.0438915,0.0586059,0.0398305,0.0209285,0.0200989,0.0548489,0.0423066,0.0436124,0.0525818,0.0317528,0.0233454,0.0286012,0.0311341,0.0263748,0.0587279,0.0390826,0.0362709,0.0394319,0.0325407,0.054045,0.0301017,0.0493233,0.0433387,0.0422287,0.0579277,0.022247,0.0406667,0.0556482,0.0309973,0.0238745,0.0508449,0.0291076,0.0515136,0.052413,0.0421623,0.0310492,0.0278244,0.057469,0.0306291,0.0231766,0.0369758,0.0468766,0.0405423,0.033035,0.0244628,0.0205457,0.0292442,0.0480766,0.0541798,0.0532541,0.033666,0.0417853,0.0314441,0.0443408,0.0345965,0.0229918,0.0389311,0.032578,0.0313938,0.0405096,0.0302139,0.0347628
23,0.05,0.0260804,0.0371684,0.02978,0.0348029,0.0630422,0.0306519,0.0318581,0.0373913,0.0387386,0.0580007,0.047377,0.0421233,0.0615203,0.0539211,0.0660007,0.0315394,0.0607771,0.0663497,0.0474743,0.0473576,0.0654402,0.0649581,0.0654469,0.0359137,0.0734963,0.0477487,0.0542904,0.0362648,0.0507848,0.0691345,0.0532963,0.0335563,0.0559696,0.0461746,0.0464752,0.0623685,0.0721761,0.0328025,0.0322509,0.0646341,0.0562486,0.0267058,0.0450123,0.0322272,0.03124,0.0635698,0.0564699,0.0493223,0.0511656,0.050259,0.0626753,0.0686257,0.0280863,0.0314634,0.0680145,0.035623,0.0713495,0.0554221,0.061819,0.0590313,0.0388103,0.0627432,0.0456646,0.071519,0.0442042,0.0548179,0.0598575,0.0730937,0.0620544,0.0358568,0.0538975,0.0714439,0.0554638,0.0717054,0.0284401,0.0328258,0.0588785,0.0328783,0.0608818,0.0537406,0.0356395,0.0616038,0.0379141,0.0328672,0.0599834,0.0311837,0.0458895,0.0406605,0.0471008,0.0607869,0.0398494,0.0530869,0.0603326,0.0343606,0.05375
24,0.2,0.2567216,0.2088385,0.1296251,0.1309387,0.2001448,0.2649909,0.150678,0.274343,0.2901607,0.1751517,0.2265591,0.1689733,0.106622,0.1136513,0.1102299,0.2405873,0.1778138,0.2944785,0.2110783,0.2372702,0.2062606,0.2051751,0.2910763,0.2412038,0.2163423,0.1330604,0.1133738,0.2739752,0.1060593,0.220088,0.1555663,0.1056519,0.1702305,0.1724266,0.2800596,0.2575795,0.2990115,0.1628381,0.1972157,0.2222324,0.2131984,0.1636759,0.1926439,0.1634472,0.2016187,0.2974284,0.2665296,0.2423776,0.1021842,0.2542846,0.1382635,0.1502024,0.2202572,0.1366074,0.2920851,0.2647548,0.1806635,0.292392,0.1128313,0.1727141,0.1121391,0.2216876,0.1853801,0.2626816,0.2976032,0.2542914,0.1950563,0.2047023,0.2569559,0.1880291,0.2998633,0.1051424,0.1104919,0.2541529,0.2270181,0.2022793,0.1222508,0.2916983,0.2486719,0.2631141,0.1803561,0.2237805,0.1921107,0.186347,0.2280424,0.1573002,0.1013694,0.2664422,0.2300882,0.1889946,0.2555649,0.2365402,0.1933034,0.1500207,0.2563548
25,0.2,0.2985907,0.2281783,0.2597796,0.1006766,0.1659226,0.2742464,0.129548,0.173764,0.2114749,0.2805195,0.1566691,0.2604735,0.2690281,0.1600083,0.1301924,0.1949313,0.167761,0.268491,0.172707,0.2078398,0.2898065,0.2379887,0.1735835,0.1116063,0.1483412,0.109779,0.2115456,0.1639244,0.1713055,0.1641305,0.1213259,0.2118382,0.1646005,0.1437909,0.2543606,0.254023,0.2036463,0.1465039,0.2772791,0.2801176,0.2061357,0.2776846,0.1904428,0.2573482,0.2084924,0.2573906,0.1911698,0.2971306,0.1544443,0.1017153,0.2066874,0.2936224,0.2409734,0.1864615,0.2510406,0.100387,0.2716785,0.2772679,0.2347769,0.2678953,0.2622722,0.2424479,0.2408271,0.2398511,0.1468281,0.2721501,0.2941057,0.205895,0.2351457,0.1674273,0.2172596,0.197257,0.2455309,0.1689859,0.1126409,0.2462264,0.2608704,0.2221114,0.2763463,0.2138271,0.193884,0.168159,0.1289791,0.1642965,0.1639769,0.2378295,0.2466566,0.1105242,0.1555279,0.2104483,0.1806211,0.1258332,0.1708703,0.2242253,0.2127861
26,0.025,0.0371111,0.0202589,0.03719,0.035033,0.0264581,0.0250525,0.0360719,0.0129896,0.0206622,0.0257722,0.0311075,0.019519,0.0217013,0.022937,0.0280268,0.0337009,0.0248719,0.0311897,0.0310705,0.0209777,0.0230149,0.0125884,0.02248,0.0275182,0.0187981,0.0291682,0.0177464,0.0353146,0.0311693,0.0178405,0.0152305,0.0139,0.0370632,0.0287624,0.0313692,0.0128244,0.0215395,0.0199558,0.0292921,0.0165221,0.0261294,0.02919,0.033059,0.0313447,0.0332929,0.0175728,0.0323021,0.0214958,0.0265498,0.0366777,0.0333306,0.0317851,0.0141625,0.0131109,0.0270662,0.0126784,0.0245027,0.0221257,0.0252303,0.0191309,0.0196581,0.0251552,0.0370616,0.0362105,0.0215438,0.0225986,0.0369602,0.0187957,0.0290205,0.0153314,0.0157314,0.0275309,0.0355739,0.0314115,0.0336929,0.0258425,0.016947,0.0242582,0.0300914,0.0138123,0.0338149,0.0229401,0.02768,0.0226281,0.0366672,0.0212112,0.0309725,0.0131893,0.0347364,0.0176809,0.0238396,0.0338571,0.022523,0.013335,0.037151
27,0.025,0.0273469,0.0292692,0.0195749,0.0361997,0.013344,0.0346079,0.0263432,0.0305703,0.0211862,0.0235711,0.0215864,0.0318824,0.0313335,0.0349566,0.0324618,0.0141534,0.0192772,0.0235462,0.0366859,0.0309186,0.0151619,0.0154825,0.0335872,0.0173897,0.0257031,0.0185051,0.015463,0.020969,0.0255761,0.0214792,0.0264823,0.0342709,0.0355094,0.0330593,0.0175921,0.0139684,0.0184301,0.0205119,0.0219196,0.0238828,0.0214748,0.0351568,0.0339403,0.0306421,0.0147677,0.0235834,0.0343494,0.0352498,0.016508,0.026706,0.0209627,0.019045,0.0285819,0.0199528,0.0364228,0.0358838,0.0341769,0.0259539,0.0195291,0.0229064,0.0371573,0.0238373,0.0179648,0.0175922,0.0339748,0.0130503,0.0303084,0.0336767,0.0189848,0.0357762,0.0185886,0.0229448,0.0195129,0.0149969,0.0204357,0.0307703,0.0193774,0.0312063,0.0283108,0.0280472,0.0137022,0.0272396,0.0172581,0.0264054,0.0329245,0.0277224,0.0261274,0.0355931,0.0358316,0.0305801,0.0285943,0.0249858,0.0244127,0.0153465,0.0213065
28,0.02,0.0261349,0.020864,0.0270363,0.0180914,0.0290363,0.020764,0.0285003,0.0124662,0.015952,0.0276538,0.020952,0.0162225,0.0197962,0.0283496,0.0105521,0.0158879,0.0192526,0.0209212,0.0264866,0.0122023,0.0153171,0.0177481,0.0161074,0.0272584,0.0283797,0.0268852,0.0111098,0.0291453,0.0179122,0.0146704,0.010966,0.0115791,0.010954,0.022764,0.0206223,0.012289,0.0199609,0.0190951,0.0163046,0.024137,0.0154115,0.0148985,0.0223366,0.0197716,0.0275111,0.0272632,0.0273207,0.0185914,0.0243704,0.0224929,0.0219898,0.0250961,0.019193,0.0133658,0.0148637,0.0185434,0.0296667,0.0211001,0.0169596,0.021817,0.0285162,0.0261025,0.0143765,0.0251552,0.0156403,0.0260318,0.0102775,0.02501,0.0177353,0.0256322,0.0155237,0.0223573,0.0249833,0.0298385,0.0283493,0.014736,0.0160338,0.0124717,0.0160694,0.0190146,0.0171636,0.0188542,0.0267087,0.0214381,0.0176239,0.0179351,0.0108601,0.0268473,0.0214681,0.0132787,0.0161854,0.0117157,0.0281728,0.0164137,0.0289332
29,0.07,0.0948373,0.1040309,0.0837917,0.0502577,0.0395314,0.0948841,0.0458398,0.0702813,0.0765101,0.0599147,0.0892015,0.0603583,0.0632515,0.0742695,0.0490572,0.0629574,0.0955427,0.0372244,0.0760836,0.1031423,0.0497475,0.0841595,0.0473879,0.0607374,0.0401097,0.0850873,0.0626786,0.0439597,0.0794976,0.1009002,0.0637676,0.0446199,0.0426392,0.0996052,0.0538765,0.0594238,0.0930483,0.0972254,0.0396888,0.0441567,0.082524,0.0899317,0.0929434,0.0876469,0.0746017,0.0471516,0.072204,0.0694207,0.0991666,0.055994,0.0526296,0.0377909,0.0938365,0.0430465,0.0619647,0.0469219,0.0523195,0.0848358,0.0624045,0.0383877,0.0452473,0.1039089,0.0596011,0.0731026,0.0562653,0.1019365,0.0933894,0.0452589,0.055769,0.0496032,0.0810119,0.0820316,0.0362446,0.0842152,0.0823278,0.0902532,0.0686165,0.0536431,0.0729251,0.0520163,0.0905923,0.1000582,0.0586302,0.0804396,0.0588764,0.0614643,0.0717487,0.0493277,0.0529455,0.0728689,0.041617,0.0982666,0.0666495,0.0987785,0.0974113
30,0.6,0.4301466,0.7424461,0.526652,0.6363019,0.6673184,0.7983556,0.4456349,0.8960647,0.3468165,0.6056033,0.34835,0.5486328,0.7791315,0.7948041,0.5520023,0.793802,0.6466192,0.3023046,0.5184337,0.4787977,0.3657601,0.5221598,0.87506,0.6486507,0.7089182,0.4190317,0.7092762,0.509607,0.4367674,0.486653,0.5532901,0.4044481,0.7335845,0.4559574,0.7126795,0.7784746,0.5132246,0.5648645,0.5834607,0.7656961,0.4939096,0.7738665,0.4992576,0.697662,0.3769662,0.3724052,0.6826986,0.3992318,0.4333729,0.63019,0.3794946,0.5226834,0.8832165,0.6040044,0.4209481,0.6805474,0.3526831,0.4998453,0.7133745,0.5691285,0.3173288,0.6181258,0.6032374,0.3476045,0.717079,0.6200372,0.6576833,0.3733143,0.4244324,0.4727027,0.7780265,0.337324,0.8333477,0.7889834,0.6670578,0.7718639,0.7085741,0.6374908,0.7827576,0.8613206,0.6801643,0.6938827,0.6149341,0.7304744,0.8314959,0.3682297,0.6059938,0.6538561,0.8695676,0.6063962,0.4037298,0.5144983,0.4194042,0.3111171,0.4461069
31,0.07,0.0794399,0.0495941,0.0861098,0.1033846,0.0906819,0.0839541,0.0979381,0.0719456,0.1010907,0.0870015,0.0669111,0.0938631,0.0442872,0.0406929,0.0789908,0.10346,0.065128,0.0481319,0.0875685,0.0763911,0.1033419,0.0578776,0.0778361,0.0396742,0.0582906,0.0894462,0.0709299,0.0383533,0.0648556,0.1017373,0.0714218,0.0491429,0.0685533,0.0605402,0.0741967,0.0567975,0.0478962,0.0716324,0.0800343,0.0427517,0.0866055,0.0572082,0.0846562,0.0469708,0.0919869,0.0673025,0.0446389,0.0933213,0.0800078,0.0636422,0.0358158,0.0550638,0.0758359,0.0596269,0.0958732,0.0882797,0.0710472,0.0776664,0.0642024,0.0725173,0.0538298,0.06136,0.0812397,0.0415768,0.0353534,0.0692793,0.0460009,0.1034346,0.0948746,0.0389855,0.0441706,0.0617464,0.0521266,0.0458742,0.0858396,0.0888281,0.1049332,0.101244,0.0711794,0.0844925,0.0561133,0.0744269,0.0525038,0.0539569,0.0678654,0.0782209,0.0835535,0.057342,0.052536,0.0966893,0.0806287,0.0718936,0.0421052,0.0610523,0.0376067
32,0.1,0.0914154,0.0866526,0.1034016,0.0602639,0.1196302,0.0807797,0.0952964,0.1395046,0.136503,0.1092672,0.1284435,0.1394206,0.1105041,0.0843969,0.1091842,0.0605763,0.0824264,0.0712036,0.0619308,0.056442,0.1254805,0.1143644,0.0782803,0.1211517,0.0759506,0.1039235,0.103633,0.0955997,0.07199,0.1322589,0.1301003,0.0702471,0.1262482,0.1201512,0.1124246,0.1056229,0.1380873,0.1294261,0.0904895,0.0985601,0.0776874,0.1276197,0.0635095,0.0689757,0.0798481,0.1139905,0.0952565,0.0704049,0.1487845,0.0614136,0.066408,0.113793,0.0558599,0.1377721,0.1112931,0.0719529,0.0573139,0.10956,0.0958643,0.1106201,0.1102017,0.1334721,0.0855304,0.116044,0.079442,0.1057398,0.0564432,0.1070363,0.081204,0.0620122,0.1281446,0.0679651,0.1354686,0.0527509,0.1148411,0.1341377,0.1136456,0.0750598,0.0927737,0.1490161,0.0615274,0.1364148,0.1278292,0.088549,0.1106021,0.0559122,0.0849726,0.0845488,0.1380453,0.050557,0.120961,0.10174,0.1073793,0.0842802,0.1339718
33,0.04,0.0262677,0.031915,0.0478517,0.0265612,0.051707,0.0598819,0.0515828,0.0232612,0.042931,0.0380766,0.0350294,0.0584135,0.0412498,0.0453916,0.0261345,0.0316659,0.0390676,0.0545403,0.0336011,0.0225156,0.0271247,0.0266014,0.0203865,0.0281244,0.0570716,0.0295686,0.0244077,0.0511608,0.0227547,0.0252058,0.0585821,0.0530037,0.028936,0.0324183,0.034992,0.0552399,0.0445705,0.0236675,0.0447082,0.0292327,0.0548943,0.0564101,0.0495324,0.0456788,0.0222665,0.0556086,0.0246552,0.0231327,0.0505732,0.022273,0.0559812,0.0576341,0.0202757,0.0570273,0.0516784,0.0329447,0.0266087,0.0420274,0.0483423,0.0570421,0.0281582,0.022031,0.0597026,0.055069,0.0286403,0.0555306,0.0250911,0.020619,0.0276657,0.0281824,0.0299893,0.0494016,0.0526973,0.0277274,0.0583555,0.0207193,0.0293605,0.0556975,0.0357468,0.0331284,0.0235223,0.0458203,0.0545562,0.0561009,0.0351278,0.056866,0.0262797,0.0523339,0.0590763,0.0496569,0.0431236,0.0219508,0.0305703,0.0216776,0.0441971